{"stats":{"minecraft:picked_up":{"minecraft:porkchop":2},"minecraft:dropped":{"minecraft:porkchop":2},"minecraft:custom":{"minecraft:jump":18,"minecraft:time_since_rest":609,"minecraft:damage_dealt":100,"minecraft:leave_game":1,"minecraft:sprint_one_cm":666,"minecraft:play_time":609,"minecraft:time_since_death":609,"minecraft:walk_one_cm":629,"minecraft:total_world_time":609,"minecraft:mob_kills":1,"minecraft:drop":2,"minecraft:fly_one_cm":1406},"minecraft:mined":{"minecraft:grass":1},"minecraft:killed":{"minecraft:pig":1}},"DataVersion":3465}